{"cameraMode":{"drawMode":0,"name":"Shaded","section":"Shading Mode"},"sceneLighting":true,"audioPlay":false,"sceneViewState":{"showFog":true,"showMaterialUpdate":true,"showSkybox":true,"showFlares":true,"showImageEffects":true,"showParticleSystems":true},"in2DMode":false,"pivot":{"x":0.490234375,"y":-0.166015625,"z":-0.09513664245605469},"rotation":{"x":0.3854433298110962,"y":0.5930318236351013,"z":-0.385915070772171,"w":0.5923152565956116},"size":10.177630424499512,"orthographic":true}